Rank,Date,Link,Title,Labels,,,,,,
97,06/02/2010,https://extra.globo.com/noticias/extra-extra/relator-do-plano-diretor-inclui-legado-olimpico-372052.html,Relator do Plano Diretor inclui legado olímpico,Positive,,,,,,
229,22/06/2011,http://g1.globo.com/brasil/noticia/2011/06/orcamento-olimpico-ja-tem-de-ser-definido-no-rio-diz-ministro-britanico.html,"Orçamento olímpico já tem de ser definido no Rio, diz ministro britânico",Neutral,,,,,,
125,01/08/2011,https://oglobo.globo.com/rio/condominios-despejam-esgoto-irregularmente-na-lagoa-de-jacarepagua-2708646,Condomínios despejam esgoto irregularmente na Lagoa de Jacarepaguá,Negative,,,,,,
59,09/03/2012,http://g1.globo.com/brasil/noticia/2012/03/olimpiada-e-desculpa-fantastica-para-mudar-o-rio-diz-prefeito.html,"Olimpíada é 'desculpa fantástica' para mudar o Rio, diz prefeito",Positive,,,,,,
198,27/04/2012,http://globoesporte.globo.com/olimpiadas/noticia/2012/04/escola-com-nome-de-socrates-fara-parte-do-projeto-de-legado-olimpico.html,Escola com nome de Sócrates fará parte do projeto de legado olímpico,Positive,,,,,,
117,20/09/2012,http://g1.globo.com/rio-de-janeiro/eleicoes/2012/noticia/2012/09/aspasia-camargo-e-entrevistada-pelo-rjtv1.html,Aspásia Camargo é entrevistada pelo RJTV,Neutral,,,,,,
214,29/10/2012,https://oglobo.globo.com/rio/diretor-da-empresa-responsavel-pelo-parque-olimpico-de-2016-diz-que-populacao-carioca-esta-mobilizada-para-os-jogos-6573809,Diretor da empresa responsável pelo Parque Olímpico de 2016 diz que população carioca está mobilizada para os Jogos,Positive,,,,,,
267,02/08/2013,http://g1.globo.com/rio-de-janeiro/noticia/2013/08/eduardo-paes-nao-revela-orcamento-olimpico-e-dispara-contra-fifa.html,Eduardo Paes não revela orçamento olímpico e dispara contra Fifa,Negative,,,,,,
252,15/09/2013,http://globoesporte.globo.com/olimpiadas/noticia/2013/09/palco-do-rock-rio-parque-dos-atletas-e-legado-antecipado-de-2016.html,"Palco do Rock in Rio, Parque dos Atletas é legado 'antecipado' de 2016",Positive,,,,,,
288,25/09/2013,https://oglobo.globo.com/rio/tcu-alerta-para-atrasos-em-obras-das-olimpiadas-do-rio-de-janeiro-10153279,TCU alerta para atrasos em obras das Olimpíadas do Rio de Janeiro,Negative,,,,,,
108,04/10/2013,http://g1.globo.com/jornal-nacional/noticia/2013/10/saneamento-vira-desafio-olimpico-por-causa-da-baia-de-guanabara.html,Saneamento vira desafio olímpico por causa da Baía de Guanabara,Neutral,,,,,,
282,12/12/2013,http://g1.globo.com/globo-news/noticia/2013/12/cidades-e-solucoes-acompanha-obras-para-olimpiadas-de-2016.html,Cidades e Soluções acompanha obras no Rio para as Olimpíadas de 2016,Neutral,,,,,,
248,24/04/2014,https://oglobo.globo.com/rio/paes-promete-transformar-reserva-de-marapendi-em-parque-ate-2016-12291170,Paes promete transformar reserva de Marapendi em parque até 2016,Positive,,,,,,
144,30/04/2014,http://globoesporte.globo.com/olimpiadas/noticia/2014/04/lars-espera-legado-olimpico-proximo-de-zero-e-defende-vela-em-buzios.html,Lars espera legado olímpico próximo do zero e defende vela em Búzios,Negative,,,,,,
62,25/07/2014,http://g1.globo.com/rio-de-janeiro/noticia/2014/07/projeto-de-despoluicao-de-lagoas-da-zona-oeste-do-rio-inclui-ilha-parque.html,Projeto de despoluição de lagoas da Zona Oeste do Rio inclui ilha-parque,Neutral,,,,,,
170,06/01/2015,http://g1.globo.com/rio-de-janeiro/blog/dodo-azevedo/post/you-only-live-once.html,You only live once,Neutral,,,,,,
140,21/01/2015,http://g1.globo.com/rio-de-janeiro/noticia/2015/01/projeto-social-do-rj-que-atende-cerca-de-300-mil-pessoas-e-paralisado.html,Projeto social do RJ que atende cerca de 300 mil pessoas é paralisado,Negative,,,,,,
171,21/01/2015,http://globoesporte.globo.com/blogs/especial-blog/favela-ec/post/governo-do-rio-manda-parar-programa-esportivo-que-atende-300-mil-pessoas.html,Governo do Rio manda parar programa esportivo que atende 300 mil pessoas | Blog Favela EC,Negative,,,,,,
234,25/02/2015,http://globoesporte.globo.com/olimpiadas/noticia/2015/02/thomas-bach-e-sabatinado-por-universitarios-no-rio-de-janeiro.html,"Em sabatina com alunos universitários, Bach debate sobre legado olímpico",Neutral,,,,,,
266,23/03/2015,http://globoesporte.globo.com/canoagem/noticia/2015/03/polemico-canal-olimpico-da-canoagem-slalom-sera-sede-do-mundial-de-2018.html,"Polêmico, canal olímpico da canoagem slalom será sede do Mundial de 2018",Neutral,,,,,,
287,29/04/2015,http://globoesporte.globo.com/olimpiadas/noticia/2015/04/junto-com-velha-guarda-lars-grael-assume-comissao-nacional-de-atletas.html,"Ao lado de velha guarda, Lars Grael assume Comissão Nacional de Atletas",Neutral,,,,,,
104,14/05/2015,http://globoesporte.globo.com/olimpiadas/noticia/2015/05/descartada-da-apo-moser-cita-e-mail-polemico-e-questiona-legado-olimpico.html,"Descartada da APO, Moser cita e-mail polêmico e questiona legado olímpico",Negative,,,,,,
220,26/05/2015,http://globoesporte.globo.com/olimpiadas/noticia/2015/05/14-meses-par-ao-rio-2016-principal-legado-esportivo-tem-futuro-incerto.html,"A 14 meses para o Rio 2016, principal legado esportivo tem futuro incerto",Negative,,,,,,
276,16/06/2015,https://oglobo.globo.com/esportes/reunidas-em-conselho-federacoes-esportivas-discutem-legado-da-rio-2016-16460760,"Reunidas em conselho, federações esportivas discutem legado da Rio-2016",Neutral,,,,,,
268,29/07/2015,https://oglobo.globo.com/esportes/rio-2016/prefeitura-anuncia-planos-para-futuro-dos-parques-olimpicos-da-barra-de-deodoro-17005067,Prefeitura anuncia planos para o futuro dos parques olímpicos da Barra e de Deodoro,Positive,,,,,,
283,29/07/2015,http://globoesporte.globo.com/olimpiadas/noticia/2015/07/plano-de-legado-olimpico-expoe-rusga-entre-prefeitura-e-ministerio-do-esporte.html,Prefeitura lança plano de legado e expõe rusga com Ministério do Esporte,Negative,,,,,,
203,04/09/2015,https://extra.globo.com/esporte/rio-olimpico/legado-olimpico-de-2016-promessa-quase-cumprida-na-praca-maua-17404524.html,Legado Olímpico de 2016: promessa quase cumprida na praça Mauá,Neutral,,,,,,
136,09/09/2015,http://globoesporte.globo.com/olimpiadas/noticia/2015/09/sistema-nacional-do-esporte-e-apresentado-e-se-alinha-educacao.html,Sistema Nacional do Esporte é apresentado e se alinha à educação,Neutral,,,,,,
257,07/10/2015,https://valor.globo.com/empresas/noticia/2015/10/07/recessao-acende-sinal-de-alerta-para-legado-olimpico.ghtml,Recessão acende sinal de alerta para legado olímpico,Neutral,,,,,,
279,19/10/2015,http://globoesporte.globo.com/olimpiadas/noticia/2015/10/arenas-do-rio-2016-homenageiam-o-outubro-rosa-com-iluminacao-especial.html,Arenas do Rio 2016 homenageiam o Outubro Rosa com iluminação especial,Positive,,,,,,
269,30/10/2015,http://g1.globo.com/rio-de-janeiro/noticia/2015/10/mercado-municipal-do-rio-abre-nesta-sexta-30-o-3-festival-gastronomico.html,Mercado Municipal do Rio abre nesta sexta (30) o 3° Festival Gastronômico,Neutral,,,,,,
278,26/11/2015,https://oglobo.globo.com/esportes/circuito-de-canoagem-slalom-inaugurado-no-rio-de-janeiro-18149839,Circuito de Canoagem Slalom é inaugurado no Rio de Janeiro,Neutral,,,,,,
289,16/12/2015,http://globoesporte.globo.com/premio-brasil-olimpico/noticia/2015/12/homenageado-guga-cre-em-legado-olimpico-mas-descarta-jogos-nota-10.html,"Homenageado, Guga crê em legado olímpico, mas descarta Jogos ""nota 10""",Positive,,,,,,
226,25/12/2015,http://g1.globo.com/rio-de-janeiro/noticia/2015/12/fechado-para-o-natal-parque-radical-de-deodoro-e-invadido-no-rio.html,"Fechado para o Natal, Parque Radical de Deodoro é invadido no Rio",Negative,,,,,,
264,08/01/2016,http://globoesporte.globo.com/olimpiadas/natacao/noticia/2016/08/thiago-pereira-sofre-para-gerenciar-ingressos-da-familia-fazer-magica.html,Thiago Pereira sofre para gerenciar ingressos da família: "Fazer mágica",Negative,,,,,,
253,08/01/2016,https://extra.globo.com/noticias/economia/sem-legado-olimpico-ar-do-rio-poluido-mortal-19824488.html,"Sem legado olímpico, ar do Rio é poluído e mortal",Negative,,,,,,
148,22/01/2016,http://g1.globo.com/rio-de-janeiro/noticia/2016/01/tattoo-week-rio-reune-900-artistas-para-mostrar-tatuagens-e-piercings.html,Tattoo Week Rio reúne 900 artistas para mostrar tatuagens e piercings,Neutral,,,,,,
149,22/01/2016,http://g1.globo.com/rio-de-janeiro/noticia/2016/01/feira-no-rio-reune-fas-da-tatuagem-mercado-que-cresce-em-meio-crise.html,"Feira no Rio reúne fãs da tatuagem, mercado que cresce em meio à crise",Neutral,,,,,,
190,07/02/2016,https://cbn.globoradio.globo.com/grandescoberturas/rio-2016/2016/07/02/LEGADO-AMBIENTAL-A-GRANDE-DIVIDA-DA-OLIMPIADA-DO-RIO.htm,"Legado ambiental, a grande dívida da Olimpíada do Rio",Negative,,,,,,
233,08/02/2016,http://globoesporte.globo.com/olimpiadas/volei/noticia/2016/08/legado-olimpico-comunidade-do-rio-ganha-centro-de-treinamento-de-volei.html,Legado olímpico: comunidade do Rio ganha centro de treinamento de vôlei,Positive,,,,,,
245,01/03/2016,http://g1.globo.com/rio-de-janeiro/noticia/2016/03/mesmo-sem-luz-paes-inaugura-escola-na-ilha-do-governador-rio.html,Escola no Rio é inaugurada sem luz e Paes culpa Light,Negative,,,,,,
217,01/03/2016,https://oglobo.globo.com/rio/artigo-os-cariocas-o-legado-olimpico-18774167,Artigo: Os cariocas e o legado olímpico,Neutral,,,,,,
107,08/03/2016,http://m.cbn.globoradio.globo.com/media/audio/202573/dois-anos-depois-da-rio-2016-parque-olimpico-ainda.htm,"Dois anos depois da Rio 2016, Parque Olímpico ainda abriga arenas temporárias",Neutral,,,,,,
222,29/03/2016,http://g1.globo.com/rio-de-janeiro/noticia/2016/03/justica-bloqueia-verba-para-obras-do-complexo-de-deodoro-no-rio.html,"Justiça bloqueia verba para obras do Complexo de Deodoro, no Rio",Negative,,,,,,
131,07/04/2016,http://globoesporte.globo.com/olimpiadas/noticia/2016/04/palco-da-vela-nos-jogos-do-rio-marina-da-gloria-e-entregue-apos-reforma.html,"Palco da vela nos Jogos do Rio, Marina da Glória é entregue após reforma",Positive,,,,,,
98,08/04/2016,https://oglobo.globo.com/rio/um-novo-rio-acessivel-sustentavel-para-cariocas-turistas-19035937,"Um novo Rio, acessível e sustentável para cariocas e turistas",Positive,,,,,,
130,15/05/2016,http://g1.globo.com/rio-de-janeiro/noticia/2016/05/extracao-ilegal-de-saibro-abastece-obra-de-legado-das-olimpiadas-do-rio.html,Extração ilegal de saibro abastece obra de legado das Olimpíadas do Rio,Negative,,,,,,
256,21/05/2016,http://gazetaweb.globo.com/gazetadealagoas/noticia.php?c=287921,A EDUCAÇÃO COMO LEGADO OLÍMPICO,Positive,,,,,,
247,05/06/2016,http://globoesporte.globo.com/to/noticia/2016/05/legado-olimpico-tocantins-ganha-pista-de-atletismo-internacional.html,Legado olímpico: Tocantins ganha pista de atletismo internacional,Positive,,,,,,
262,09/06/2016,https://oglobo.globo.com/projetos/painelfgv/mat/mat8.asp,Painel FGV,Neutral,,,,,,
137,12/06/2016,http://g1.globo.com/rio-de-janeiro/noticia/2016/06/paes-nao-punira-tecnicos-apos-obras-do-novo-joa-apresentarem-buracos.html,Paes não punirá técnicos após obras do Novo Joá apresentarem buracos,Neutral,,,,,,
281,13/06/2016,http://g1.globo.com/rio-de-janeiro/noticia/2016/06/reabertura-de-ciclovia-no-rio-depende-do-estudo-das-ondas-diz-paes.html,"Paes: ciclovia reabre em agosto, mas inauguração antes de Jogos é incerta",Neutral,,,,,,
147,16/06/2016,https://m.extra.globo.com/noticias/rio/durante-vistoria-das-obras-do-legado-olimpico-presidente-do-coi-pega-trem-na-central-19516822.html,"Durante vistoria das obras do legado olímpico, presidente do COI pega trem na Central",Neutral,,,,,,
224,23/06/2016,http://sportv.globo.com/site/programas/rio-2016/noticia/2016/06/beltrame-critica-falta-de-um-legado-olimpico-para-o-remo-bonde-passou.html,Beltrame critica a falta de um legado olímpico para o remo: "Bonde passou",Negative,,,,,,
74,24/06/2016,http://g1.globo.com/rio-de-janeiro/noticia/2016/06/mpf-quer-barrar-reconstrucao-de-trecho-ciclovia-que-desabou-no-rio.html,MPF quer barrar reconstrução de trecho ciclovia que desabou no Rio,Negative,,,,,,
55,30/06/2016,https://epoca.globo.com/esporte/olimpiadas/noticia/2016/06/heranca-olimpica-para-os-cariocas.html,Herança olímpica para os cariocas,Neutral,,,,,,
122,06/07/2016,https://valor.globo.com/brasil/noticia/2016/06/07/impacto-de-jogos-sobre-a-economia-e-de-r-75-bilhoes.ghtml,Impacto de Jogos sobre a economia é de R$ 75 bilhões,Neutral,,,,,,
58,15/07/2016,https://oglobo.globo.com/rio/pessoas-que-transformam-rio-19714590,Pessoas que transformam o Rio,Positive,,,,,,
271,20/07/2016,https://extra.globo.com/esporte/justica-do-rio-determina-apresentacao-de-plano-de-legado-olimpico-ate-4-de-agosto-19753656.html,Justiça do Rio determina apresentação de plano de legado olímpico até 4 de agosto,Neutral,,,,,,
265,30/07/2016,https://valor.globo.com/brasil/noticia/2016/07/30/paes-inaugura-metro-e-fala-em-transformacao-do-rio-com-olimpiada.ghtml,Paes inaugura metrô e fala em transformação do Rio com Olimpíada,Positive,,,,,,
46,01/08/2016,https://oglobo.globo.com/opiniao/a-olimpiada-o-legado-social-19815758,A Olimpíada e o legado social,Neutral,,,,,,
251,15/08/2016,https://epoca.globo.com/esporte/olimpiadas/noticia/2016/08/cercada-de-pobreza-deodoro-espera-o-legado-da-olimpiada.html,"Cercado de pobreza, Deodoro espera o legado da Olimpíada",Negative,,,,,,
60,16/08/2016,https://epoca.globo.com/esporte/olimpiadas/noticia/2016/08/por-que-baia-de-guanabara-continua-poluida-nos-jogos-olimpicos.html,Por que a Baía de Guanabara continua poluída nos Jogos Olímpicos?,Negative,,,,,,
280,17/08/2016,http://globoesporte.globo.com/olimpiadas/judo/noticia/2016/08/ouro-no-esporte-ouro-na-educacao-rafaela-silva-batiza-escola-no-rio.html,"Ouro no esporte, ouro na educação: Rafaela Silva batiza escola no Rio",Positive,,,,,,
261,17/08/2016,https://oglobo.globo.com/esportes/diretor-de-associacao-olimpica-britanica-elogia-rio-2016-19944527,Diretor de Associação Olímpica Britânica elogia Rio-2016,Positive,,,,,,
161,18/08/2016,https://oglobo.globo.com/rio/caso-com-nadadores-americanos-vira-piada-nas-redes-19947550,Caso com nadadores americanos vira piada nas redes,Neutral,,,,,,
118,20/08/2016,http://globoesporte.globo.com/olimpiadas/vela/noticia/2016/08/lars-grael-lamenta-que-despoluicao-de-aguas-nao-tenha-sido-legado-olimpico.html,Lars Grael lamenta que despoluição de águas não tenha sido legado olímpico,Negative,,,,,,
64,21/08/2016,http://globoesporte.globo.com/olimpiadas/noticia/2016/08/no-fim-da-rio-2016-governo-garante-manter-investimentos-no-esporte.html,"No fim da Rio 2016, Governo garante manter investimentos no esporte",Positive,,,,,,
146,21/08/2016,https://oglobo.globo.com/opiniao/futuro-claro-para-rio-apesar-de-tudo-19961775,"Futuro claro para o Rio, apesar de tudo",Neutral,,,,,,
272,22/08/2016,http://g1.globo.com/bom-dia-brasil/noticia/2016/08/brasil-tem-na-rio-2016-o-melhor-desempenho-na-historia-dos-jogos.html,Brasil tem na Rio 2016 o melhor desempenho na história dos Jogos,Positive,,,,,,
239,24/08/2016,https://oglobo.globo.com/esportes/diogo-silva-aprova-cerco-dirigentes-do-taekwondo-legado-olimpico-19987404,Diogo Silva aprova cerco a dirigentes do taekwondo: 'Legado olímpico',Positive,,,,,,
238,25/08/2016,http://g1.globo.com/rio-de-janeiro/noticia/2016/08/fotografo-do-rio-reune-30-anos-de-viagens-em-livro-viajante-nunca-volta.html,Fotógrafo do Rio reúne 30 anos de viagens em livro: 'Viajante nunca volta',Neutral,,,,,,
227,30/08/2016,http://globoesporte.globo.com/eu-atleta/saude/noticia/2016/08/legado-olimpico-surgimento-de-idolos-e-estimulo-pratica-esportiva.html,Legado olímpico: surgimento de ídolos é estímulo à prática esportiva,Positive,,,,,,
178,05/09/2016,https://oglobo.globo.com/rio/legado-olimpico-novos-servicos-de-transportes-precisam-se-manter-eficientes-20052119,Legado olímpico: novos serviços de transportes precisam se manter eficientes,Neutral,,,,,,
290,05/09/2016,http://globoesporte.globo.com/olimpiadas/noticia/2016/05/obras-da-rio-2016-sofrem-interdicoes-e-embargo-parcial-no-rj.html,Obras da Rio 2016 sofrem interdições e embargo parcial no RJ,Negative,,,,,,
270,07/09/2016,http://g1.globo.com/rio-de-janeiro/noticia/2016/09/parque-radical-em-deodoro-e-reaberto-como-area-de-lazer.html,"Parque Radical, em Deodoro, é reaberto como área de lazer",Positive,,,,,,
106,19/09/2016,http://g1.globo.com/rio-de-janeiro/paralimpiadas/noticia/2016/09/prefeitura-destaca-transportes-em-balanco-sobre-os-jogos-rio-2016.html,Prefeitura destaca transportes em balanço sobre os Jogos Rio 2016,Positive,,,,,,
285,10/10/2016,http://globoesporte.globo.com/canoagem/noticia/2016/10/com-atletas-olimpicos-deodoro-sedia-torneio-internacional-de-canoagem.html,"Com atletas olímpicos, Deodoro sedia torneio internacional de canoagem",Positive,,,,,,
49,10/10/2016,https://oglobo.globo.com/esportes/o-legado-esportivo-dos-jogos-rio-2016-20255376,O legado esportivo dos Jogos Rio 2016,Neutral,,,,,,
169,11/10/2016,https://oglobo.globo.com/rio/terceirizados-da-cet-rio-fazem-protesto-no-centro-20271327,Terceirizados da CET-Rio fazem protesto no Centro,Negative,,,,,,
228,03/11/2016,http://globoesporte.globo.com/ba/noticia/2016/11/legado-salvador-recebera-piscina-do-estadio-aquatico-dos-jogos-olimpicos.html,Legado: Salvador receberá piscina do Estádio Aquático dos Jogos Olímpicos,Positive,,,,,,
153,13/11/2016,https://oglobo.globo.com/rio/bairros/rocky-man-muda-de-paisagens-leva-competicoes-para-barra-20453085,Rocky Man muda de paisagens e leva competições para a Barra,Neutral,,,,,,
36,19/11/2016,https://oglobo.globo.com/rio/lixo-como-legado-olimpico-20498524,Lixo como legado olímpico,Negative,,,,,,
259,21/11/2016,http://globoesporte.globo.com/am/olimpiadas/noticia/2016/11/am-pode-herdar-equipamentos-do-levantamento-de-peso-da-rio-2016.html,AM pode herdar equipamentos do Levantamento de Peso da Rio 2016,Positive,,,,,,
255,22/11/2016,http://globoesporte.globo.com/jogos-escolares/noticia/2016/11/paralimpiadas-escolares-tem-inicio-em-sp-colocando-legado-olimpico-prova.html,Paralimpíadas Escolares têm início em SP colocando legado olímpico à prova,Neutral,,,,,,
235,29/11/2016,https://oglobo.globo.com/rio/sem-concessao-cenario-de-abandono-no-parque-olimpico-20556145,"Sem concessão, cenário é de abandono no Parque Olímpico",Negative,,,,,,
263,30/12/2016,http://globoesporte.globo.com/atletismo/noticia/2016/12/caio-bonfim-celebra-legado-olimpico-1-treino-da-vida-sem-ofensas-na-rua.html,Caio Bonfim celebra "legado olímpico": 1º treino da vida sem ofensas na rua,Positive,,,,,,
156,04/02/2017,https://cbn.globoradio.globo.com/programas/cbn-esportes/2017/04/02/PRESIDENTE-DO-COB-CLASSIFICA-LEGADO-OLIMPICO-COMO-EXTRAORDINARIO.htm,Presidente do COB classifica legado olímpico como 'extraordinário',Positive,,,,,,
154,04/02/2017,https://cbn.globoradio.globo.com/media/audio/75117/presidente-do-cob-classifica-legado-olimpico-como-.htm,Presidente do COB classifica legado olímpico como 'extraordinário',Positive,,,,,,
94,08/02/2017,https://globoesporte.globo.com/olimpiadas/noticia/sem-seguro-recuperacao-do-velodromo-apos-incendio-vira-dos-cofres-publicos.ghtml,"Sem seguro, recuperação do Velódromo após incêndio virá dos cofres públicos",Negative,,,,,,
216,12/02/2017,https://epocanegocios.globo.com/Brasil/noticia/2017/08/epoca-negocios-um-ano-apos-os-jogos-olimpicos-rio-de-janeiro-sofre-com-arenas-caras-e-vazias.html,"Um ano após os Jogos Olímpicos, Rio de Janeiro sofre com arenas caras e vazias",Negative,,,,,,
200,12/02/2017,https://epocanegocios.globo.com/Brasil/noticia/2017/08/um-ano-depois-da-rio-2016-arenas-olimpicas-sao-subutilizadas.html,"Um ano depois da Rio 2016, arenas olímpicas são subutilizadas",Negative,,,,,,
159,17/02/2017,http://globoesporte.globo.com/blogs/especial-blog/garrafao-rubro-negro/post/legado-olimpico-promessas-viram-po-e-classico-carioca-sera-em-solo-manauara.html,Legado Olímpico? Promessas viram pó e clássico carioca será em solo manauara | Blog Garrafão Rubro Negro,Negative,,,,,,
212,18/02/2017,https://oglobo.globo.com/esportes/legado-olimpico-emperra-na-burocracia-na-demora-do-planejamento-1-20944511,Legado olímpico emperra na burocracia e na demora do planejamento,Negative,,,,,,
87,24/02/2017,http://globoesporte.globo.com/blogs/especial-blog/garrafao-rubro-negro/post/torcedores-rubro-negros-lamentam-falta-do-legado-olimpico.html,Torcedores rubro-negros lamentam a falta do legado olímpico | Blog Garrafão Rubro Negro,Negative,,,,,,
236,05/03/2017,https://blogs.oglobo.globo.com/lauro-jardim/post/justificativa-para-viagem-do-legado-olimpico-compara-crise-do-rio-com-da-grecia.html,Justificativa para viagem do 'legado olímpico' compara crise do Rio com a da Grécia,Negative,,,,,,
65,12/03/2017,https://oglobo.globo.com/opiniao/boa-ocupacao-dos-hoteis-no-carnaval-legado-olimpico-21045391,Boa ocupação dos hotéis no carnaval é legado olímpico,Positive,,,,,,
249,24/03/2017,https://g1.globo.com/rio-de-janeiro/noticia/vereadores-visitam-arena-do-parque-olimpico-e-constatam-atraso-no-legado.ghtml,Vereadores visitam arena do Parque Olímpico e constatam atraso no legado,Negative,,,,,,
77,30/03/2017,https://blogs.oglobo.globo.com/lauro-jardim/post/governo-transforma-apo-em-autoridade-do-legado-olimpico.html,Governo transforma APO em Autoridade do Legado Olímpico,Neutral,,,,,,
231,30/03/2017,https://globoesporte.globo.com/olimpiadas/noticia/governo-muda-plano-inicial-e-define-que-apo-vira-agencia-de-legado.ghtml,Governo define que APO vira agência de legado e atrasa divulgação dos custos da Olimpíada,Negative,,,,,,
243,31/03/2017,https://revistapegn.globo.com/Noticias/noticia/2017/03/pegn-apos-criacao-de-agencia-governo-deve-atrasar-prestacao-de-contas-do-rio-2016.html,"Após criação de agência, governo deve atrasar prestação de contas do Rio-2016",Negative,,,,,,
258,31/03/2017,https://epocanegocios.globo.com/Brasil/noticia/2017/03/epoca-negocios-sem-dados-da-prefeitura-do-rio-custo-final-da-olimpiada-de-2016-nao-e-divulgado.html,"Sem dados da Prefeitura do Rio, custo final da Olimpíada de 2016 não é divulgado",Negative,,,,,,
110,02/04/2017,https://g1.globo.com/rio-de-janeiro/noticia/apos-quatro-meses-parque-olimpico-no-rio-tem-sinais-de-abandono.ghtml,"Após quatro meses, Parque Olímpico no Rio tem sinais de abandono",Negative,,,,,,
254,07/04/2017,https://epoca.globo.com/politica/expresso/noticia/2017/04/picciani-emplaca-presidente-de-orgao-que-cuidara-do-legado-olimpico.html,Picciani emplaca presidente de órgão que cuidará do legado olímpico,Positive,,,,,,
115,08/04/2017,https://extra.globo.com/esporte/brasil-precisa-ter-mais-tempo-para-entregar-legado-olimpico-diz-presidente-do-coi-21668973.html,"Brasil precisa ter mais tempo para entregar legado olímpico, diz presidente do COI",Neutral,,,,,,
213,08/04/2017,https://g1.globo.com/rio-de-janeiro/noticia/falta-de-recursos-impede-construcao-de-escolas-publicas-prometidas-como-legado-da-rio-2016.ghtml,Falta de recursos impede construção de escolas públicas prometidas como legado da Rio 2016,Negative,,,,,,
141,08/04/2017,https://g1.globo.com/rio-de-janeiro/noticia/dia-de-atividades-no-parque-olimpico-marcara-um-ano-de-olimpiada-veja-como-chegar-no-local-de-onibus.ghtml,Dia de atividades no Parque Olímpico marcará um ano de olimpíada; veja como chegar no local de ônibus,Positive,,,,,,
41,10/04/2017,https://oglobo.globo.com/rio/arena-do-parque-olimpico-deve-receber-colegio-estadual-em-2019-23658143,Arena do Parque Olímpico deve receber colégio estadual em 2019,Positive,,,,,,
76,08/05/2017,https://globoesporte.globo.com/olimpiadas/noticia/um-ano-apos-a-rio-2016-resultados-caem-verbas-minguam-mas-cob-segue-otimista.ghtml,"Um ano após a Rio 2016, resultados caem, verbas minguam, mas COB segue otimista",Negative,,,,,,
240,14/05/2017,https://oglobo.globo.com/rio/bairros/parque-olimpico-recebe-competicoes-de-ciclismo-de-pista-volei-de-praia-21334649,Parque Olímpico recebe competições de ciclismo de pista e vôlei de praia,Positive,,,,,,
168,19/05/2017,https://cbn.globoradio.globo.com/editorias/esportes/2017/05/19/LEGADO-OLIMPICO-INAUGURADO-CENTRO-DE-TREINAMENTO-DO-REMO-NO-RIO-DE-JANEIRO.htm,Legado olímpico: inaugurado centro de treinamento do remo no Rio de Janeiro,Positive,,,,,,
211,19/05/2017,https://radioglobo.globo.com/media/audio/88455/legado-olimpico-inaugurado-centro-de-treinamento-d.htm,Legado olímpico: inaugurado centro de treinamento do remo no Rio de Janeiro,Positive,,,,,,
202,19/05/2017,https://cbn.globoradio.globo.com/media/audio/88455/legado-olimpico-inaugurado-centro-de-treinamento-d.htm,Legado olímpico: inaugurado centro de treinamento do remo no Rio de Janeiro,Positive,,,,,,
172,22/05/2017,https://g1.globo.com/rio-de-janeiro/noticia/audiencia-publica-na-procuradoria-discute-o-legado-olimpico-no-rio.ghtml,Audiência pública na Procuradoria discute o legado olímpico no Rio,Neutral,,,,,,
225,23/05/2017,http://sportv.globo.com/site/programas/sportv-news/noticia/2017/05/mpf-realiza-audiencia-para-cobrar-o-cumprimento-do-legado-olimpico.html,MPF realiza audiência para cobrar o cumprimento do legado olímpico,Neutral,,,,,,
135,28/05/2017,https://extra.globo.com/noticias/rio/largado-olimpico-arenas-dos-jogos-colecionam-problemas-21401821.html,Largado' olímpico: arenas dos Jogos colecionam problemas,Negative,,,,,,
93,02/06/2017,https://g1.globo.com/rio-de-janeiro/noticia/visitantes-se-surpreendem-com-abandono-do-parque-olimpico.ghtml,Visitantes se surpreendem com abandono do Parque Olímpico,Negative,,,,,,
219,07/06/2017,https://g1.globo.com/rio-de-janeiro/noticia/mpf-pede-multa-ao-ex-ministro-dos-esportes-pezao-e-eduardo-paes-pela-nao-apresentacao-do-plano-de-legado-olimpico.ghtml,"MPF pede multa a ministro dos Esportes, Pezão e Eduardo Paes pela não apresentação do plano de legado olímpico",Negative,,,,,,
86,09/06/2017,http://globoesporte.globo.com/blogs/especial-blog/brasil-em-toquio/post/livro-sobre-efeitos-dos-megaeventos-sera-lancado-no-rio-de-janeiro.html,Blog Brasil em Toquio,Neutral,,,,,,
124,14/06/2017,https://g1.globo.com/rio-de-janeiro/noticia/olimpiada-do-rio-custou-r-137-milhoes-a-mais-do-que-o-planejado.ghtml,Olimpíada do Rio custou R$ 137 milhões a mais do que o planejado,Negative,,,,,,
246,14/06/2017,http://g1.globo.com/jornal-nacional/noticia/2017/06/quase-ano-apos-o-fim-da-olimpiada-custo-das-obras-fica-mais-alto.html,"Quase 1 ano após o fim da Olimpíada, custo final das obras fica mais alto",Negative,,,,,,
95,14/06/2017,https://globoesporte.globo.com/olimpiadas/noticia/custo-dos-jogos-olimpicos-do-rio-e-atualizado-e-chega-a-r-41-bilhoes.ghtml,Custo dos Jogos Olímpicos do Rio é atualizado e chega a R$ 41 bilhões,Neutral,,,,,,
44,14/06/2017,https://oglobo.globo.com/esportes/rio-2016-gasto-com-arenas-esportivas-atualizado-chega-r-723-bilhoes-21478636,"Rio-2016: gasto com arenas esportivas é atualizado e chega a R$ 7,23 bilhões",Neutral,,,,,,
230,15/06/2017,https://oglobo.globo.com/esportes/prefeitura-alega-falta-de-verba-conversao-da-arena-do-futuro-vive-impasse-21480933,Prefeitura alega falta de verba e conversão da Arena do Futuro vive impasse,Negative,,,,,,
232,20/06/2017,https://oglobo.globo.com/rio/legado-olimpico-parque-de-deodoro-esta-fechado-20747070,"Legado olímpico, Parque de Deodoro está fechado",Neutral,,,,,,
27,02/07/2017,https://g1.globo.com/rio-de-janeiro/noticia/legado-olimpico-tem-mobilidade-com-obras-atrasadas-e-instalacoes-fechadas.ghtml,Legado olímpico tem mobilidade com obras atrasadas e instalações fechadas,Negative,,,,,,
39,05/07/2017,https://oglobo.globo.com/brasil/camara-aprova-mp-que-cria-nova-autarquia-para-administrar-legado-olimpico-21558958,Câmara aprova MP que cria nova autarquia para administrar legado olímpico,Positive,,,,,,
206,06/07/2017,https://epocanegocios.globo.com/Brasil/noticia/2017/07/mpf-pede-multa-autoridades-por-nao-terem-apresentado-legado-olimpico.html,MPF pede multa a autoridades por não terem apresentado legado olímpico,Negative,,,,,,
79,06/07/2017,https://oglobo.globo.com/esportes/mpfrj-pede-multa-ministro-dos-esportes-governador-ex-prefeito-do-rio-21561175,"MPF/RJ pede multa a ministro dos Esportes, governador e ex-prefeito do Rio",Negative,,,,,,
50,08/07/2017,https://globoesporte.globo.com/olimpiadas/noticia/autoridades-defendem-legado-olimpico-nunca-esteve-abandonado.ghtml,Autoridades defendem legado olímpico: "Nunca esteve abandonado",Positive,,,,,,
128,30/07/2017,https://cbn.globoradio.globo.com/media/audio/107645/incendio-atinge-velodromo-do-rio-de-janeiro.htm,Incêndio atinge Velódromo do Rio de Janeiro,Negative,,,,,,
89,30/07/2017,https://globoesporte.globo.com/olimpiadas/noticia/pericia-preliminar-aponta-causa-externa-em-incendio-no-velodromo.ghtml,Perícia preliminar aponta causa externa em incêndio no Velódromo,Negative,,,,,,
100,30/07/2017,https://cbn.globoradio.globo.com/media/audio/107693/autoridade-de-governanca-do-legado-olimpico-lament.htm,Autoridade de Governança do Legado Olímpico lamenta incêndio no Velódromo,Negative,,,,,,
92,31/07/2017,http://m.cbn.globoradio.globo.com/especiais/rio-2016-o-legado-um-ano-depois/2017/07/31/UM-ANO-DEPOIS-FALTA-DE-TRANSPARENCIA-E-UMA-DAS-MARCAS-DA-OLIMPIADA-DO-RIO.htm,"Um ano depois, falta de transparência é uma das marcas da Olimpíada do Rio",Negative,,,,,,
105,21/08/2017,http://globoesporte.globo.com/blogs/especial-blog/garrafao-rubro-negro/post/criticas-ao-legado-olimpico-desistencia-do-estadual-falta-de-ginasios-no-rj-e-liga-sul-americana-como-meta-alexandre-povoa-se-posiciona-em-entrevista-exclusiva.html,"Críticas ao 'legado' olímpico, desistência do Estadual, falta de ginásios no RJ e Liga Sul-Americana como meta: Alexandre Póvoa se posiciona em entrevista exclusiva | Blog Garrafão Rubro Negro",Negative,,,,,,
145,22/08/2017,https://epoca.globo.com/politica/expresso/noticia/2017/08/recuperacao-da-cobertura-do-velodromo-do-parque-olimpico-custara-r-204-mil.html,Recuperação da cobertura do velódromo do Parque Olímpico custará R$ 204 mil,Neutral,,,,,,
187,21/09/2017,https://oglobo.globo.com/rio/parque-olimpico-se-transforma-em-palco-para-eventos-de-esporte-universitario-21848311,Parque Olímpico se transforma em palco para eventos de esporte universitário,Positive,,,,,,
188,21/09/2017,https://oglobo.globo.com/rio/bairros/parque-olimpico-pode-receber-liga-mundial-grand-prix-de-volei-em-2018-1-21853532,Parque Olímpico pode receber Liga Mundial e Grand Prix de vôlei em 2018,Positive,,,,,,
48,22/09/2017,https://globoesporte.globo.com/olimpiadas/noticia/zico-critica-a-falta-de-legado-olimpico-e-compara-situacao-do-rio-a-de-atenas.ghtml,Zico critica a falta de legado olímpico e compara situação do Rio à de Atenas,Negative,,,,,,
196,23/09/2017,https://oglobo.globo.com/esportes/com-rock-in-rio-parque-olimpico-ganha-quase-1-milhao-em-melhorias-21859722,"Com o Rock in Rio, Parque Olímpico ganha quase R$ 1 milhão em melhorias",Positive,,,,,,
11,25/09/2017,http://g1.globo.com/natureza/blog/nova-etica-social/post/estudo-mostra-mais-impactos-do-que-legado-olimpico-para-o-rio.html,Estudo mostra mais impactos do que legado olímpico para o Rio,Negative,,,,,,
223,01/10/2017,https://oglobo.globo.com/rio/parque-radical-de-deodoro-se-torna-opcao-de-lazer-em-domingo-ensolarado-1-21895227,Parque Radical de Deodoro se torna opção de lazer em domingo ensolarado,Positive,,,,,,
10,04/10/2017,https://globoesporte.globo.com/olimpiadas/noticia/rio-cria-subsecretaria-de-legado-olimpico-patricia-amorim-e-cotada-para-o-cargo.ghtml,Rio cria Subsecretaria de Legado Olímpico; Patrícia Amorim é cotada para o cargo,Neutral,,,,,,
70,06/10/2017,https://g1.globo.com/rio-de-janeiro/noticia/legado-olimpico-virou-milhoes-em-propina-a-amigos-da-corte-de-cabral-diz-mpf.ghtml,"Legado olímpico virou milhões em propina a 'amigos da corte' de Cabral, diz MPF",Negative,,,,,,
80,19/10/2017,https://globoesporte.globo.com/olimpiadas/noticia/por-reducao-de-custos-cob-vai-mudar-sua-sede-para-o-parque-aquatico-maria-lenk.ghtml,"Por redução de custos, COB vai mudar sua sede para o Parque Aquático Maria Lenk",Neutral,,,,,,
241,07/11/2017,https://blogs.oglobo.globo.com/lauro-jardim/post/vende-se-legado-olimpico.html,Vende-se legado olímpico,Neutral,,,,,,
99,26/11/2017,https://extra.globo.com/esporte/velodromo-olimpico-sofre-novo-incendio-no-rio-22115723.html,Velódromo olímpico sofre novo incêndio no Rio,Negative,,,,,,
179,26/11/2017,https://globoesporte.globo.com/olimpiadas/noticia/autoridade-do-legado-olimpico-confirma-que-incendio-no-velodromo-foi-causado-por-balao.ghtml,Autoridade do Legado Olímpico diz que balão foi a causa de incêndio no velódromo,Negative,,,,,,
114,26/11/2017,https://g1.globo.com/rj/rio-de-janeiro/noticia/incendio-atinge-velodromo-do-parque-olimpico-pela-segunda-vez.ghtml,Incêndio atinge Velódromo do Parque Olímpico pela segunda vez,Negative,,,,,,
157,02/12/2017,https://oglobo.globo.com/rio/bairros/por-conta-de-violencia-vandalismo-estacao-do-brt-esta-fechada-ha-dois-meses-22140497,Por conta de violência e vandalismo estação do BRT está fechada há dois meses,Negative,,,,,,
75,15/12/2017,https://globoesporte.globo.com/tenis/noticia/fabiano-de-paula-e-exemplo-para-projetos-do-aberto-de-tenis-do-rio-no-parque-olimpico.ghtml,Fabiano de Paula motiva projetos do Aberto de Tênis do Rio no Parque Olímpico,Positive,,,,,,
177,08/01/2018,https://sportv.globo.com/site/blogs/blog-do-coach/post/2018/08/01/seis-anos-depois-o-belo-legado-olimpico-de-londres-2012.ghtml,"Seis anos depois, o belo legado olímpico de Londres 2012",Positive,,,,,,
209,05/02/2018,https://extra.globo.com/noticias/rio/depois-das-quadras-de-tenis-agendadas-por-aplicativo-promessa-abrir-novas-arenas-dos-jogos-aos-cariocas-22643938.html,"Depois das quadras de tênis agendadas por aplicativo, promessa é abrir novas arenas dos Jogos aos cariocas",Positive,,,,,,
119,05/02/2018,https://oglobo.globo.com/rio/bairros/area-do-velodromo-no-parque-olimpico-recebera-espaco-para-espetaculos-museu-22359885,"Área do velódromo, no Parque Olímpico, receberá espaço para espetáculos e museu",Positive,,,,,,
189,28/02/2018,https://globoesporte.globo.com/olimpiadas/noticia/parque-olimpico-vira-sede-de-projetos-esportivos-para-criancas-de-baixa-renda.ghtml,Parque Olímpico vira sede de projetos esportivos para crianças de baixa renda,Positive,,,,,,
176,28/02/2018,https://oglobo.globo.com/esportes/gestor-do-legado-cobra-prefeitura-por-reparo-de-vicios-no-parque-olimpico-22441689,Gestor do legado cobra Prefeitura por reparo de 'vícios' no Parque Olímpico,Neutral,,,,,,
201,19/03/2018,https://extra.globo.com/esporte/velodromo-do-rio-gerou-despesa-de-quase-19-milhao-em-energia-eletrica-22503224.html,"Velódromo do Rio gerou despesa de quase R$ 1,9 milhão em energia elétrica",Negative,,,,,,
63,19/03/2018,https://oglobo.globo.com/esportes/velodromo-que-nao-era-usado-desde-maio-recebe-mundial-de-paraciclismo-22503024,"Velódromo, que não era usado desde maio, recebe Mundial de Paraciclismo",Positive,,,,,,
208,23/03/2018,https://globoesporte.globo.com/olimpiadas/noticia/prefeitura-e-ministerio-firmam-acordo-para-transformar-arena-do-futuro-em-4-escolas.ghtml,Prefeitura e Ministério firmam acordo para transformar Arena do Futuro em 4 escolas,Positive,,,,,,
199,25/03/2018,https://oglobo.globo.com/rio/estrutura-da-arena-do-futuro-sera-usada-para-construir-quatro-escolas-em-caxias-22525627,Estrutura da Arena do Futuro será usada para construir quatro escolas em Caxias,Positive,,,,,,
186,02/04/2018,https://oglobo.globo.com/esportes/comite-rio-2016-tera-que-pagar-obras-em-arenas-mas-conta-ainda-nao-veio-22547415,"Comitê Rio-2016 terá que pagar obras em arenas, mas conta ainda não veio",Negative,,,,,,
90,04/04/2018,https://globoesporte.globo.com/am/noticia/legado-olimpico-novo-complexo-da-vila-olimpica-de-manaus-e-entregue.ghtml,Legado olímpico: novo complexo da Vila Olímpica de Manaus é entregue,Positive,,,,,,
197,02/05/2018,https://oglobo.globo.com/rio/parque-olimpico-abre-as-portas-suas-quadras-para-os-cariocas-22643793,Parque Olímpico abre as portas e suas quadras para os cariocas,Positive,,,,,,
195,09/05/2018,https://oglobo.globo.com/rio/alunos-de-escola-da-praca-seca-visitam-campo-olimpico-de-golfe-22667425,Alunos de escola da Praça Seca visitam Campo Olímpico de Golfe,Positive,,,,,,
69,18/05/2018,https://globoesporte.globo.com/ciclismo/noticia/velodromo-do-rio-se-torna-a-casa-da-selecao-brasileira-de-ciclismo-de-pista.ghtml,Velódromo do Rio se torna a casa da seleção brasileira de ciclismo de pista,Positive,,,,,,
210,08/06/2018,https://globoesporte.globo.com/olimpiadas/noticia/dois-anos-apos-os-jogos-parque-olimpico-do-rio-paga-so-2-do-custo-de-manutencao.ghtml,"Dois anos após os Jogos, Parque Olímpico do Rio paga só 2% do custo de manutenção",Negative,,,,,,
174,20/06/2018,https://blogs.oglobo.globo.com/lauro-jardim/post/crivella-e-o-descaso-com-o-legado-olimpico.html,Crivella e o descaso com o legado olímpico,Negative,,,,,,
184,21/06/2018,https://globoesporte.globo.com/olimpiadas/noticia/mais-de-300-criancas-comemoram-dia-olimpico-no-coracao-da-rio-2016.ghtml,Mais de 300 crianças comemoram Dia Olímpico no coração da Rio 2016,Positive,,,,,,
207,02/07/2018,https://epoca.globo.com/politica/expresso/noticia/2018/07/atletas-que-disputarao-olimpiadas-da-juventude-se-preparam-no-parque-olimpico-do-rio.html,Atletas que disputarão Olimpíadas da Juventude se preparam no Parque Olímpico do Rio,Neutral,,,,,,
67,09/07/2018,https://oglobo.globo.com/rio/bairros/centro-olimpico-de-tenis-subutilizado-nao-recebe-grandes-torneios-equipes-22858253,"Centro Olímpico de Tênis, subutilizado, não recebe grandes torneios e equipes",Negative,,,,,,
192,01/08/2018,https://oglobo.globo.com/rio/crise-leva-13-hoteis-fechar-as-portas-no-rio-apos-expansao-para-olimpiada-de-2016-22938610,Crise leva 13 hotéis a fechar as portas no Rio após expansão para a Olimpíada de 2016,Negative,,,,,,
215,09/08/2018,https://oglobo.globo.com/rio/bairros/arena-3-do-parque-olimpico-tem-atividades-gratuitas-22961795,Arena 3 do Parque Olímpico tem atividades gratuitas,Positive,,,,,,
3,20/08/2018,https://g1.globo.com/rj/rio-de-janeiro/noticia/2018/08/20/olimpiada-do-rio-tem-legado-de-dividas-2-anos-depois-empresa-cobra-r-52-milhoes.ghtml,"Olimpíada do Rio tem legado de dívidas, 2 anos depois: empresa cobra R$ 52 milhões",Negative,,,,,,
123,24/09/2018,https://globoesporte.globo.com/canoagem/noticia/selecao-reencontra-raia-de-deodoro-mas-uso-apos-o-mundial-do-rio-de-janeiro-nao-esta-definido.ghtml,"Seleção reencontra raia de Deodoro, mas uso após o Mundial do Rio de Janeiro não está definido",Neutral,,,,,,
132,27/09/2018,https://extra.globo.com/noticias/extra-extra/prefeitura-do-rio-garante-recursos-para-realizacao-do-masters-games-2020-23108504.html,Prefeitura do Rio garante recursos para a realização do Masters Games 2020,Positive,,,,,,
103,29/09/2018,https://oglobo.globo.com/esportes/no-ultimo-dia-rio-consegue-500-mil-confirma-realizacao-do-pan-master-de-2020-23112817,"No último dia, Rio consegue R$ 500 mil e confirma realização do Pan Master de 2020",Positive,,,,,,
204,17/11/2018,https://extra.globo.com/esporte/mma/gestor-do-parque-olimpico-exalta-realizacao-do-grand-slam-de-jiu-jitsu-no-rio-saiba-23241519.html,Gestor do Parque Olímpico exalta realização do Grand Slam de Jiu-Jitsu no Rio; saiba,Positive,,,,,,
194,08/12/2018,https://globoesporte.globo.com/rj/olimpiadas/noticia/velodromo-do-parque-olimpico-passa-por-reforma-de-r17-milhao.ghtml,"Velódromo do Parque Olímpico passa por reforma de R$1,7 milhão",Neutral,,,,,,
183,25/12/2018,https://blogs.oglobo.globo.com/ancelmo/post/legado-olimpico.html,Ancelmo - O Globo,Neutral,,,,,,
120,04/01/2019,https://blogs.oglobo.globo.com/lauro-jardim/post/aglo-e-prefeitura-do-rio-de-janeiro-em-pe-de-guerra.html,AGLO e Prefeitura do Rio de Janeiro em pé de guerra,Negative,,,,,,
17,05/01/2019,https://blogs.oglobo.globo.com/lauro-jardim/post/legado-olimpico-vira-discussao-na-camara.html,Legado Olímpico vira discussão na Câmara,Neutral,,,,,,
18,07/01/2019,https://g1.globo.com/rj/rio-de-janeiro/noticia/2019/07/01/parte-do-parque-olimpico-para-de-funcionar-nesta-segunda-feira.ghtml,Parte do Parque Olímpico para de funcionar nesta segunda-feira,Negative,,,,,,
43,07/01/2019,https://globoesporte.globo.com/olimpiadas/noticia/funcionarios-da-extinta-aglo-ficam-no-escuro-no-primeiro-dia-util-apos-o-fim-da-autarquia.ghtml,Funcionários da extinta Aglo ficam “no escuro” no primeiro dia útil após o fim da autarquia,Negative,,,,,,
139,12/01/2019,https://oglobo.globo.com/rio/crivella-anuncia-investimento-de-meio-bilhao-de-reais-no-sistema-de-saude-do-rio-23366402,Crivella anuncia investimento de meio bilhão de reais no sistema de saúde do Rio,Positive,,,,,,
121,24/01/2019,https://blogs.oglobo.globo.com/lauro-jardim/post/procurador-da-aglo-quer-acao-contra-prefeitura-do-rio-de-janeiro.html,Procurador da AGLO quer ação contra a prefeitura do Rio de Janeiro,Negative,,,,,,
53,01/02/2019,https://globoesporte.globo.com/olimpiadas/noticia/mpf-aponta-falhas-e-pede-a-suspensao-do-processo-de-privatizacao-do-legado-olimpico.ghtml,MPF aponta falhas e pede a suspensão do processo de privatização do Legado Olímpico,Negative,,,,,,
109,04/02/2019,https://blogs.oglobo.globo.com/lauro-jardim/post/aglo-entra-na-justica-contra-prefeitura-do-rio-de-janeiro.html,AGLO entra na Justiça contra Prefeitura do Rio de Janeiro,Negative,,,,,,
28,07/02/2019,https://globoesporte.globo.com/olimpiadas/noticia/governo-garante-projetos-e-contratos-da-aglo-enquanto-costura-nova-gestao-do-legado-olimpico.ghtml,Governo garante projetos e contratos da AGLO enquanto costura nova gestão do legado,Positive,,,,,,
182,19/02/2019,https://oglobo.globo.com/rio/ciclovia-tim-maia-um-trajeto-de-polemicas-do-inicio-ao-fim-23456243,"Ciclovia Tim Maia, um trajeto de polêmicas do início ao fim",Negative,,,,,,
37,08/03/2019,https://cbn.globoradio.globo.com/media/audio/269710/tres-anos-apos-olimpiada-vila-dos-atletas-sofre-co.htm,"Três anos após Rio 2016, prédio dos atletas parece uma vila fantasma",Negative,,,,,,
51,08/03/2019,https://cbn.globoradio.globo.com/media/audio/269715/nao-houve-vontade-politica-de-minimizar-deficit-ha.htm,Não houve vontade política de minimizar déficit habitacional com legado olímpico',Negative,,,,,,
143,24/03/2019,https://oglobo.globo.com/rio/bairros/atividades-menos-populares-como-canoa-havaiana-hoquei-ganham-novos-adeptos-23543763,"Atividades menos populares, como canoa havaiana e hóquei, ganham novos adeptos",Positive,,,,,,
112,28/03/2019,https://blogs.oglobo.globo.com/lauro-jardim/post/com-licenca-prestes-vencer-parque-olimpico-pode-ter-que-cancelar-eventos.html,"Com licença prestes a vencer, Parque Olímpico pode ter que cancelar eventos",Negative,,,,,,
111,30/03/2019,https://extra.globo.com/esporte/problemas-ameacam-museu-do-esporte-projeto-que-seria-legado-dos-jogos-23561997.html,"Problemas ameaçam Museu do Esporte, projeto que seria legado dos Jogos",Negative,,,,,,
6,04/04/2019,https://globoesporte.globo.com/olimpiadas/noticia/obra-parada-1001-falhas-e-mato-crescendo-parque-olimpico-coleciona-problemas-apos-rio-2016.ghtml,"Obra parada, 1001 falhas e mato crescendo: Parque Olímpico coleciona problemas após Rio 2016",Negative,,,,,,
2,17/04/2019,https://globoesporte.globo.com/olimpiadas/noticia/para-presidente-extincao-da-aglo-representaria-o-pior-no-esporte-seria-o-fim-do-legado-olimpico.ghtml,"Com extinção à vista, AGLO projeta legado olímpico da Rio 2016 em xeque",Negative,,,,,,
83,21/04/2019,https://oglobo.globo.com/rio/prefeitura-planeja-se-desfazer-do-parque-dos-atletas-que-esta-abandonado-23613126,"Prefeitura planeja se desfazer do Parque dos Atletas, que está abandonado",Negative,,,,,,
13,23/04/2019,https://blogs.oglobo.globo.com/lauro-jardim/post/legado-olimpico-aglo-move-outra-acao-contra-prefeitura-do-rio.html,Legado olímpico: AGLO move outra ação contra Prefeitura do Rio,Negative,,,,,,
158,01/05/2019,https://globoesporte.globo.com/olimpiadas/noticia/processo-de-concessao-do-parque-olimpico-e-suspenso-apos-mpf-apontar-falhas-em-contrato.ghtml,Processo de concessão do Parque Olímpico é suspenso após MPF apontar falhas em contrato,Negative,,,,,,
84,07/05/2019,https://blogs.oglobo.globo.com/lauro-jardim/post/orgao-que-ira-gerir-o-legado-olimpico-pronto-para-funcionar.html,Órgão que irá gerir o legado olímpico pronto para funcionar,Positive,,,,,,
26,07/05/2019,https://globoesporte.globo.com/olimpiadas/noticia/governo-quer-privatizacao-de-velodromo-arenas-cariocas-e-centro-de-tenis-ate-dezembro.ghtml,"Governo quer privatização de Velódromo, Arenas Cariocas e Centro de Tênis até dezembro",Neutral,,,,,,
71,07/05/2019,https://cbn.globoradio.globo.com/media/audio/266481/mpf-pede-investigacao-por-falta-de-modelo-de-gesta.htm,MPF pede investigação por falta de modelo de gestão de arenas do Parque Olímpico,Negative,,,,,,
29,12/05/2019,https://blogs.oglobo.globo.com/lauro-jardim/post/governo-recria-autarquia-para-cuidar-o-legado-olimpico.html,Governo recria órgão para cuidar o legado olímpico,Positive,,,,,,
38,29/05/2019,https://globoesporte.globo.com/olimpiadas/noticia/paulo-marcio-e-comunicado-de-exoneracao-da-presidencia-da-aglo-que-cuida-do-legado-olimpico.ghtml,"Paulo Márcio é comunicado de exoneração da presidência da AGLO, que cuida do legado olímpico",Neutral,,,,,,
126,05/06/2019,https://globoesporte.globo.com/olimpiadas/noticia/governo-renova-autorizacao-temporaria-para-parque-olimpico-funcionar-sem-alvaras.ghtml,Governo renova "autorização temporária" para Parque Olímpico funcionar sem alvarás,Negative,,,,,,
34,12/06/2019,https://blogs.oglobo.globo.com/lauro-jardim/tag/olimpiada-do-rio/,Lauro Jardim,Neutral,,,,,,
8,12/06/2019,https://blogs.oglobo.globo.com/lauro-jardim/post/e-o-legado-olimpico-do-rio-vai-se-arrastando.html,E o legado olímpico do Rio vai se arrastando,Negative,,,,,,
81,18/06/2019,https://globoesporte.globo.com/olimpiadas/noticia/ministerio-da-cidadania-e-casa-civil-iniciam-formulacao-de-proposta-de-prorrogacao-da-aglo.ghtml,Ministério da Cidadania e Casa Civil iniciam formulação de proposta de prorrogação da AGLO,Neutral,,,,,,
31,26/06/2019,https://blogs.oglobo.globo.com/lauro-jardim/post/justica-da-prazo-para-prefeitura-do-rio-entregar-documentos-do-parque-olimpico-aglo.html,Justiça dá prazo para Prefeitura do Rio entregar documentos do Parque Olímpico à AGLO,Neutral,,,,,,
16,28/06/2019,https://globoesporte.globo.com/olimpiadas/noticia/apos-nova-reuniao-em-brasilia-governo-federal-busca-solucao-para-legado-olimpico-com-fim-da-aglo.ghtml,"Após nova reunião em Brasília, Governo Federal busca solução para legado olímpico com fim da AGLO",Positive,,,,,,
47,29/06/2019,https://globoesporte.globo.com/olimpiadas/noticia/governo-vai-criar-nova-autarquia-para-substituir-a-aglo-que-sera-extinta-neste-domingo-diz-jornal.ghtml,"Governo vai criar nova autarquia para substituir a AGLO, que será extinta neste domingo, diz jornal",Positive,,,,,,
52,29/06/2019,https://blogs.oglobo.globo.com/lauro-jardim/post/sera-criada-nova-autarquia-criada-para-gerir-legado-olimpico.html,Será criada nova autarquia para gerir legado olímpico,Positive,,,,,,
25,07/07/2019,https://oglobo.globo.com/esportes/na-final-da-copa-america-gabriel-jesus-marquinhos-sao-legado-olimpico-23790113,"Na final da Copa América, Gabriel Jesus e Marquinhos são 'legado olímpico'",Positive,,,,,,
40,08/07/2019,https://blogs.oglobo.globo.com/lauro-jardim/post/novo-orgao-que-cuidara-do-legado-olimpico-precisa-vencer-burocracia.html,Novo órgão que cuidará do legado olímpico precisa vencer a burocracia,Neutral,,,,,,
57,15/07/2019,https://globoesporte.globo.com/olimpiadas/noticia/com-menos-de-30percent-da-iluminacao-velodromo-precisa-de-r-10-milhoes-para-ficar-pronto.ghtml,"Com menos de 30% da iluminação, velódromo precisa de R$ 10 milhões para ficar pronto",Negative,,,,,,
30,02/08/2019,https://blogs.oglobo.globo.com/lauro-jardim/post/por-causa-do-legado-olimpico-exercito-processa-prefeitura-do-rio-de-janeiro.html,"Por causa do legado olímpico, Exército processa Prefeitura do Rio de Janeiro",Negative,,,,,,
138,06/08/2019,https://blogs.oglobo.globo.com/lauro-jardim/post/o-futuro-da-aglo.html,Lauro Jardim - O Globo,Neutral,,,,,,
85,14/08/2019,https://oglobo.globo.com/cultura/como-morre-uma-cidade-23877854,Como morre uma cidade?,Negative,,,,,,
7,20/08/2019,https://globoesporte.globo.com/rugbi/noticia/legado-olimpico-campo-de-rugbi-construido-para-rio-2016-esta-abandonado-ha-um-ano-e-meio.ghtml,"Legado olímpico, campo de rúgbi construído para Rio 2016 está abandonado há um ano e meio",Negative,,,,,,
22,19/09/2019,https://g1.globo.com/rj/rio-de-janeiro/noticia/2019/09/19/floresta-dos-atletas-comeca-a-ganhar-vida-tres-anos-depois-das-olimpiadas.ghtml,Floresta dos Atletas começa a ganhar vida três anos depois das Olimpíadas,Positive,,,,,,
19,19/09/2019,https://g1.globo.com/rj/rio-de-janeiro/blog/edimilson-avila/post/2019/09/19/prefeitura-comeca-a-preparar-parque-radical-de-deodoro-para-receber-mudas-da-olimpiada.ghtml,Prefeitura começa a preparar Parque Radical de Deodoro para receber mudas da Olimpíada,Positive,,,,,,
42,25/09/2019,https://oglobo.globo.com/rio/tres-anos-depois-da-olimpiada-prefeitura-inicia-plantio-da-floresta-dos-atletas-no-parque-radical-de-deodoro-23973086,"Três anos depois da Olimpíada, prefeitura inicia plantio da 'Floresta dos Atletas' no Parque Radical de Deodoro",Positive,,,,,,
165,26/09/2019,https://gazetaweb.globo.com/portal/noticia/2019/09/rio-de-janeiro-da-inicio-ao-plantio-de-mudas-na-floresta-dos-atletas_86644.php,Rio de Janeiro dá início ao plantio de mudas na Floresta dos Atletas,Positive,,,,,,
5,02/10/2019,https://oglobo.globo.com/esportes/rio-2016-dez-anos-da-eleicao-que-deixou-um-legado-de-dividas-23989214,Rio-2016: dez anos da eleição que deixou um legado de dívidas,Negative,,,,,,
73,16/10/2019,https://oglobo.globo.com/rio/mpf-solicita-proibicao-de-eventos-no-parque-olimpico-ate-apresentacao-de-licencas-de-seguranca-1-24023033,MPF solicita proibição de eventos no Parque Olímpico até apresentação de licenças de segurança,Negative,,,,,,
151,05/11/2019,https://extra.globo.com/noticias/educacao/arena-do-parque-olimpico-deve-receber-colegio-estadual-em-2019-23658138.html,Arena do Parque Olímpico deve receber colégio estadual em 2019,Positive,,,,,,
24,10/11/2019,https://oglobo.globo.com/rio/reage-rio/reage-rio-zona-norte-um-cenario-de-belezas-ser-redescoberto-24071306,"Reage, Rio: Zona Norte, um cenário de belezas a ser redescoberto",Positive,,,,,,
56,14/11/2019,https://g1.globo.com/rj/rio-de-janeiro/noticia/2019/11/14/parque-radical-de-deodoro-tem-quase-um-quilometro-de-grades-furtadas.ghtml,Parque Radical de Deodoro tem quase um quilômetro de grades furtadas,Negative,,,,,,
82,18/11/2019,https://oglobo.globo.com/brasil/o-essencial-da-manha-melancolica-heranca-das-olimpiadas-24086274,O essencial da manhã: A melancólica herança das Olimpíadas,Negative,,,,,,
15,18/11/2019,https://oglobo.globo.com/rio/arenas-olimpicas-que-seriam-transformadas-em-escolas-equipamentos-esportivos-estao-abandonadas-24085607,Arenas Olímpicas que seriam transformadas em escolas e equipamentos esportivos estão abandonadas,Negative,,,,,,
167,04/12/2019,https://extra.globo.com/esporte/mma/responsavel-pelo-parque-olimpico-projeta-grand-slam-de-jiu-jitsu-veja-23594858.html,Responsável pelo Parque Olímpico projeta Grand Slam de Jiu-Jitsu; veja,Positive,,,,,,
1,06/12/2019,https://globoesporte.globo.com/olimpiadas/noticia/decreto-cria-escritorio-para-gestao-de-legado-olimpico-dos-jogos-do-rio-em-2016.ghtml,Decreto cria escritório para gestão de legado olímpico dos Jogos do Rio em 2016,Positive,,,,,,
155,06/12/2019,https://oglobo.globo.com/rio/tribunal-superior-do-trabalho-suspende-arresto-de-325-milhoes-da-prefeitura-do-rio-24122828,Tribunal Superior do Trabalho suspende arresto de R$ 325 milhões da Prefeitura do Rio,Neutral,,,,,,
54,09/12/2019,https://g1.globo.com/rj/rio-de-janeiro/blog/edimilson-avila/post/2019/12/09/trt-determina-novo-arresto-de-contas-da-prefeitura-do-rio-para-pagar-salarios-dos-funcionarios-da-saude.ghtml,TRT determina novo arresto de contas da prefeitura do Rio para pagar salários dos funcionários da saúde,Neutral,,,,,,
12,10/12/2019,https://globoesporte.globo.com/olimpiadas/noticia/com-participacao-de-medalhistas-rio-conclui-replantio-de-mudas-na-floresta-dos-atletas.ghtml,"Com participação de medalhistas, Rio conclui replantio de mudas da Rio 2016 na Floresta dos Atletas",Positive,,,,,,
23,16/12/2019,https://oglobo.globo.com/opiniao/a-rio-2016-nao-acabou-24142362,A Rio-2016 não acabou,Neutral,,,,,,
45,19/12/2019,https://epoca.globo.com/padrinho-de-casamento-de-flavio-bolsonaro-indicado-para-cuidar-de-legado-olimpico-24146172,Padrinho de casamento de Flávio Bolsonaro é indicado para cuidar de legado olímpico,Neutral,,,,,,
4,15/01/2020,https://g1.globo.com/rj/rio-de-janeiro/noticia/2020/01/15/justica-federal-no-rio-de-janeiro-manda-interditar-arenas-olimpicas.ghtml,Justiça Federal no Rio de Janeiro manda interditar arenas olímpicas,Negative,,,,,,
21,15/01/2020,https://blogs.oglobo.globo.com/lauro-jardim/post/indecisao-de-bolsonaro-faz-legado-olimpico-padecer.html,Indecisão de Bolsonaro faz legado olímpico padecer,Negative,,,,,,
134,15/01/2020,https://blogs.oglobo.globo.com/lauro-jardim/post/justica-manda-interditar-instalacoes-olimpicas-do-rio.html,Justiça manda interditar instalações olímpicas do Rio,Negative,,,,,,
142,16/01/2020,https://oglobo.globo.com/rio/imprensa-internacional-repercute-crise-da-agua-no-rio-24193500,Imprensa internacional repercute crise da água no Rio,Negative,,,,,,
35,16/01/2020,https://globoesporte.globo.com/olimpiadas/noticia/mpf-reforca-que-liberacao-das-instalacoes-olimpicas-dependem-de-licencas-da-prefeitura-do-rio.ghtml,MPF reforça que liberação das instalações olímpicas depende de licenças da Prefeitura do Rio,Neutral,,,,,,
14,17/01/2020,https://g1.globo.com/rj/rio-de-janeiro/noticia/2020/01/17/apos-decisao-da-justica-prefeitura-interdita-instalacoes-olimpicas-da-rio-2016.ghtml,"Após decisão da Justiça, Prefeitura interdita instalações olímpicas da Rio 2016",Negative,,,,,,
113,19/01/2020,https://gazetaweb.globo.com/portal/noticia/2020/01/trf2-nega-liminar-e-mantem-parque-olimpico-interditado_95092.php,TRF2 nega liminar e mantém Parque Olímpico interditado,Negative,,,,,,
66,12/02/2020,https://oglobo.globo.com/rio/prefeitura-consegue-habite-se-de-arenas-do-parque-olimpico-mas-nao-do-velodromo-24244633,"Prefeitura consegue 'habite-se' de arenas do Parque Olímpico, mas não do Velódromo",Negative,,,,,,
,,,,,,,,,,
,,,,,,,,,,
,,,,,,,,,,
,,,,,,,,,,
,,,,,,,,,,
,,,,,,,,,,
,,,,,,,,,,
,,,,,,,,,,
,,,,,,,,,,
,,,,,,,,,,
,,,,,,,,,,
,,,,,,,,,,
,,,,,,,,,,
,,,,,,,,,,
,,,,,,,,,,
,,,,,,,,,,
,,,,,,,,,,
,,,,,,,,,,
,,,,,,,,,,
,,,,,,,,,,
,,,,,,,,,,
,,,,,,,,,,
,,,,,,,,,,
,,,,,,,,,,
,,,,,,,,,,
,,,,,,,,,,
,,,,,,,,,,
,,,,,,,,,,
,,,,,,,,,,
,,,,,,,,,,
,,,,,,,,,,
,,,,,,,,,,
,,,,,,,,,,
,,,,,,,,,,
,,,,,,,,,,
,,,,,,,,,,
,,,,,,,,,,
,,,,,,,,,,
,,,,,,,,,,
,,,,,,,,,,
,,,,,,,,,,
,,,,,,,,,,
,,,,,,,,,,
,,,,,,,,,,
,,,,,,,,,,
,,,,,,,,,,
,,,,,,,,,,
,,,,,,,,,,
,,,,,,,,,,
,,,,,,,,,,
,,,,,,,,,,
,,,,,,,,,,
,,,,,,,,,,
,,,,,,,,,,
,,,,,,,,,,
,,,,,,,,,,
,,,,,,,,,,
,,,,,,,,,,
,,,,,,,,,,
,,,,,,,,,,
,,,,,,,,,,
,,,,,,,,,,
,,,,,,,,,,
,,,,,,,,,,
,,,,,,,,,,
,,,,,,,,,,
,,,,,,,,,,
,,,,,,,,,,
,,,,,,,,,,
,,,,,,,,,,
,,,,,,,,,,
,,,,,,,,,,
,,,,,,,,,,
,,,,,,,,,,
,,,,,,,,,,
,,,,,,,,,,
,,,,,,,,,,
,,,,,,,,,,
,,,,,,,,,,
,,,,,,,,,,
,,,,,,,,,,
,,,,,,,,,,
,,,,,,,,,,
,,,,,,,,,,
,,,,,,,,,,
,,,,,,,,,,
,,,,,,,,,,
,,,,,,,,,,
,,,,,,,,,,
,,,,,,,,,,
,,,,,,,,,,
,,,,,,,,,,
,,,,,,,,,,
,,,,,,,,,,
,,,,,,,,,,
,,,,,,,,,,
,,,,,,,,,,
,,,,,,,,,,
,,,,,,,,,,
,,,,,,,,,,
,,,,,,,,,,
,,,,,,,,,,
,,,,,,,,,,
,,,,,,,,,,
,,,,,,,,,,
,,,,,,,,,,
,,,,,,,,,,
,,,,,,,,,,
,,,,,,,,,,
,,,,,,,,,,
,,,,,,,,,,
,,,,,,,,,,
,,,,,,,,,,
,,,,,,,,,,
,,,,,,,,,,
,,,,,,,,,,
,,,,,,,,,,
,,,,,,,,,,
,,,,,,,,,,
,,,,,,,,,,
,,,,,,,,,,
,,,,,,,,,,
,,,,,,,,,,
,,,,,,,,,,
,,,,,,,,,,
,,,,,,,,,,
,,,,,,,,,,
,,,,,,,,,,
,,,,,,,,,,
,,,,,,,,,,
,,,,,,,,,,
,,,,,,,,,,
,,,,,,,,,,
,,,,,,,,,,
,,,,,,,,,,
,,,,,,,,,,
,,,,,,,,,,
,,,,,,,,,,
,,,,,,,,,,
,,,,,,,,,,
,,,,,,,,,,
,,,,,,,,,,
,,,,,,,,,,
,,,,,,,,,,
,,,,,,,,,,
,,,,,,,,,,
,,,,,,,,,,
,,,,,,,,,,
,,,,,,,,,,
,,,,,,,,,,
,,,,,,,,,,
,,,,,,,,,,
,,,,,,,,,,
,,,,,,,,,,
,,,,,,,,,,
,,,,,,,,,,
,,,,,,,,,,
,,,,,,,,,,
,,,,,,,,,,
,,,,,,,,,,
,,,,,,,,,,
,,,,,,,,,,
,,,,,,,,,,
,,,,,,,,,,
,,,,,,,,,,
,,,,,,,,,,
,,,,,,,,,,
,,,,,,,,,,
,,,,,,,,,,
,,,,,,,,,,
,,,,,,,,,,
,,,,,,,,,,
,,,,,,,,,,
,,,,,,,,,,
,,,,,,,,,,
,,,,,,,,,,
,,,,,,,,,,
,,,,,,,,,,
,,,,,,,,,,
,,,,,,,,,,
,,,,,,,,,,
,,,,,,,,,,
,,,,,,,,,,
,,,,,,,,,,
,,,,,,,,,,
,,,,,,,,,,
,,,,,,,,,,
,,,,,,,,,,
,,,,,,,,,,
,,,,,,,,,,
,,,,,,,,,,
,,,,,,,,,,
,,,,,,,,,,
,,,,,,,,,,
,,,,,,,,,,
,,,,,,,,,,
,,,,,,,,,,
,,,,,,,,,,
,,,,,,,,,,
,,,,,,,,,,
,,,,,,,,,,
,,,,,,,,,,
,,,,,,,,,,
,,,,,,,,,,
,,,,,,,,,,
,,,,,,,,,,
,,,,,,,,,,
,,,,,,,,,,
,,,,,,,,,,
,,,,,,,,,,
,,,,,,,,,,
,,,,,,,,,,
,,,,,,,,,,
,,,,,,,,,,
,,,,,,,,,,
,,,,,,,,,,
,,,,,,,,,,
,,,,,,,,,,
,,,,,,,,,,
,,,,,,,,,,
,,,,,,,,,,
,,,,,,,,,,
,,,,,,,,,,
,,,,,,,,,,
,,,,,,,,,,
,,,,,,,,,,
,,,,,,,,,,
,,,,,,,,,,
,,,,,,,,,,
,,,,,,,,,,
,,,,,,,,,,
,,,,,,,,,,
,,,,,,,,,,
,,,,,,,,,,
,,,,,,,,,,
,,,,,,,,,,
,,,,,,,,,,
,,,,,,,,,,
,,,,,,,,,,
,,,,,,,,,,
,,,,,,,,,,
,,,,,,,,,,
,,,,,,,,,,
,,,,,,,,,,
,,,,,,,,,,
,,,,,,,,,,
,,,,,,,,,,
,,,,,,,,,,
,,,,,,,,,,
,,,,,,,,,,
,,,,,,,,,,
,,,,,,,,,,
,,,,,,,,,,
,,,,,,,,,,
,,,,,,,,,,
,,,,,,,,,,
,,,,,,,,,,
,,,,,,,,,,
,,,,,,,,,,
,,,,,,,,,,
,,,,,,,,,,
,,,,,,,,,,
,,,,,,,,,,
,,,,,,,,,,
,,,,,,,,,,
,,,,,,,,,,
,,,,,,,,,,
,,,,,,,,,,
,,,,,,,,,,
,,,,,,,,,,
,,,,,,,,,,
,,,,,,,,,,
,,,,,,,,,,
,,,,,,,,,,
,,,,,,,,,,
,,,,,,,,,,
,,,,,,,,,,
,,,,,,,,,,
,,,,,,,,,,
,,,,,,,,,,
,,,,,,,,,,
,,,,,,,,,,
,,,,,,,,,,
,,,,,,,,,,
,,,,,,,,,,
,,,,,,,,,,
,,,,,,,,,,
,,,,,,,,,,
,,,,,,,,,,
,,,,,,,,,,
,,,,,,,,,,
,,,,,,,,,,
,,,,,,,,,,
,,,,,,,,,,
,,,,,,,,,,
,,,,,,,,,,
,,,,,,,,,,
,,,,,,,,,,
,,,,,,,,,,
,,,,,,,,,,
,,,,,,,,,,
,,,,,,,,,,
,,,,,,,,,,
,,,,,,,,,,
,,,,,,,,,,
,,,,,,,,,,
,,,,,,,,,,
,,,,,,,,,,
,,,,,,,,,,
,,,,,,,,,,
,,,,,,,,,,
,,,,,,,,,,
,,,,,,,,,,
,,,,,,,,,,
,,,,,,,,,,
,,,,,,,,,,
,,,,,,,,,,
,,,,,,,,,,
,,,,,,,,,,
,,,,,,,,,,
,,,,,,,,,,
,,,,,,,,,,
,,,,,,,,,,
,,,,,,,,,,
,,,,,,,,,,
,,,,,,,,,,
,,,,,,,,,,
,,,,,,,,,,
,,,,,,,,,,
,,,,,,,,,,
,,,,,,,,,,
,,,,,,,,,,
,,,,,,,,,,
,,,,,,,,,,
,,,,,,,,,,
,,,,,,,,,,
,,,,,,,,,,
,,,,,,,,,,
,,,,,,,,,,
,,,,,,,,,,
,,,,,,,,,,
,,,,,,,,,,
,,,,,,,,,,
,,,,,,,,,,
,,,,,,,,,,
,,,,,,,,,,
,,,,,,,,,,
,,,,,,,,,,
,,,,,,,,,,
,,,,,,,,,,
,,,,,,,,,,
,,,,,,,,,,
,,,,,,,,,,
,,,,,,,,,,
,,,,,,,,,,
,,,,,,,,,,
,,,,,,,,,,
,,,,,,,,,,
,,,,,,,,,,
,,,,,,,,,,
,,,,,,,,,,
,,,,,,,,,,
,,,,,,,,,,
,,,,,,,,,,
,,,,,,,,,,
,,,,,,,,,,
,,,,,,,,,,
,,,,,,,,,,
,,,,,,,,,,
,,,,,,,,,,
,,,,,,,,,,
,,,,,,,,,,
,,,,,,,,,,
,,,,,,,,,,
,,,,,,,,,,
,,,,,,,,,,
,,,,,,,,,,
,,,,,,,,,,
,,,,,,,,,,
,,,,,,,,,,
,,,,,,,,,,
,,,,,,,,,,
,,,,,,,,,,
,,,,,,,,,,
,,,,,,,,,,
,,,,,,,,,,
,,,,,,,,,,
,,,,,,,,,,
,,,,,,,,,,
,,,,,,,,,,
,,,,,,,,,,
,,,,,,,,,,
,,,,,,,,,,
,,,,,,,,,,
,,,,,,,,,,
,,,,,,,,,,
,,,,,,,,,,
,,,,,,,,,,
,,,,,,,,,,
,,,,,,,,,,
,,,,,,,,,,
,,,,,,,,,,
,,,,,,,,,,
,,,,,,,,,,
,,,,,,,,,,
,,,,,,,,,,
,,,,,,,,,,
,,,,,,,,,,
,,,,,,,,,,
,,,,,,,,,,
,,,,,,,,,,
,,,,,,,,,,
,,,,,,,,,,
,,,,,,,,,,
,,,,,,,,,,
,,,,,,,,,,
,,,,,,,,,,
,,,,,,,,,,
,,,,,,,,,,
,,,,,,,,,,
,,,,,,,,,,
,,,,,,,,,,
,,,,,,,,,,
,,,,,,,,,,
,,,,,,,,,,
,,,,,,,,,,
,,,,,,,,,,
,,,,,,,,,,
,,,,,,,,,,
,,,,,,,,,,
,,,,,,,,,,
,,,,,,,,,,
,,,,,,,,,,
,,,,,,,,,,
,,,,,,,,,,
,,,,,,,,,,
,,,,,,,,,,
,,,,,,,,,,
,,,,,,,,,,
,,,,,,,,,,
,,,,,,,,,,
,,,,,,,,,,
,,,,,,,,,,
,,,,,,,,,,
,,,,,,,,,,
,,,,,,,,,,
,,,,,,,,,,
,,,,,,,,,,
,,,,,,,,,,
,,,,,,,,,,
,,,,,,,,,,
,,,,,,,,,,
,,,,,,,,,,
,,,,,,,,,,
,,,,,,,,,,
,,,,,,,,,,
,,,,,,,,,,
,,,,,,,,,,
,,,,,,,,,,
,,,,,,,,,,
,,,,,,,,,,
,,,,,,,,,,
,,,,,,,,,,
,,,,,,,,,,
,,,,,,,,,,
,,,,,,,,,,
,,,,,,,,,,
,,,,,,,,,,
,,,,,,,,,,
,,,,,,,,,,
,,,,,,,,,,
,,,,,,,,,,
,,,,,,,,,,
,,,,,,,,,,
,,,,,,,,,,
,,,,,,,,,,
,,,,,,,,,,
,,,,,,,,,,
,,,,,,,,,,
,,,,,,,,,,
,,,,,,,,,,
,,,,,,,,,,
,,,,,,,,,,
,,,,,,,,,,
,,,,,,,,,,
,,,,,,,,,,
,,,,,,,,,,
,,,,,,,,,,
,,,,,,,,,,
,,,,,,,,,,
,,,,,,,,,,
,,,,,,,,,,
,,,,,,,,,,
,,,,,,,,,,
,,,,,,,,,,
,,,,,,,,,,
,,,,,,,,,,
,,,,,,,,,,
,,,,,,,,,,
,,,,,,,,,,
,,,,,,,,,,
,,,,,,,,,,
,,,,,,,,,,
,,,,,,,,,,
,,,,,,,,,,
,,,,,,,,,,
,,,,,,,,,,
,,,,,,,,,,
,,,,,,,,,,
,,,,,,,,,,
,,,,,,,,,,
,,,,,,,,,,
,,,,,,,,,,
,,,,,,,,,,
,,,,,,,,,,
,,,,,,,,,,
,,,,,,,,,,
,,,,,,,,,,
,,,,,,,,,,
,,,,,,,,,,
,,,,,,,,,,
,,,,,,,,,,
,,,,,,,,,,
,,,,,,,,,,
,,,,,,,,,,
,,,,,,,,,,
,,,,,,,,,,
,,,,,,,,,,
,,,,,,,,,,
,,,,,,,,,,
,,,,,,,,,,
,,,,,,,,,,
,,,,,,,,,,
,,,,,,,,,,
,,,,,,,,,,
,,,,,,,,,,
,,,,,,,,,,
,,,,,,,,,,
,,,,,,,,,,
,,,,,,,,,,
,,,,,,,,,,
,,,,,,,,,,
,,,,,,,,,,
,,,,,,,,,,
,,,,,,,,,,
,,,,,,,,,,
,,,,,,,,,,
,,,,,,,,,,
,,,,,,,,,,
,,,,,,,,,,
,,,,,,,,,,
,,,,,,,,,,
,,,,,,,,,,
,,,,,,,,,,
,,,,,,,,,,
,,,,,,,,,,
,,,,,,,,,,
,,,,,,,,,,
,,,,,,,,,,
,,,,,,,,,,
,,,,,,,,,,
,,,,,,,,,,
,,,,,,,,,,
,,,,,,,,,,
,,,,,,,,,,
,,,,,,,,,,
,,,,,,,,,,
,,,,,,,,,,
,,,,,,,,,,
,,,,,,,,,,
,,,,,,,,,,
,,,,,,,,,,
,,,,,,,,,,
,,,,,,,,,,
,,,,,,,,,,
,,,,,,,,,,
,,,,,,,,,,
,,,,,,,,,,
,,,,,,,,,,
,,,,,,,,,,
,,,,,,,,,,
,,,,,,,,,,
,,,,,,,,,,
,,,,,,,,,,
,,,,,,,,,,
,,,,,,,,,,
,,,,,,,,,,
,,,,,,,,,,
,,,,,,,,,,
,,,,,,,,,,
,,,,,,,,,,
,,,,,,,,,,
,,,,,,,,,,
,,,,,,,,,,
,,,,,,,,,,
,,,,,,,,,,
,,,,,,,,,,
,,,,,,,,,,
,,,,,,,,,,
,,,,,,,,,,
,,,,,,,,,,
,,,,,,,,,,
,,,,,,,,,,
,,,,,,,,,,
,,,,,,,,,,
,,,,,,,,,,
,,,,,,,,,,
,,,,,,,,,,
,,,,,,,,,,
,,,,,,,,,,
,,,,,,,,,,
,,,,,,,,,,
,,,,,,,,,,
,,,,,,,,,,
,,,,,,,,,,
,,,,,,,,,,
,,,,,,,,,,
,,,,,,,,,,
,,,,,,,,,,
,,,,,,,,,,
,,,,,,,,,,
,,,,,,,,,,
,,,,,,,,,,
,,,,,,,,,,
,,,,,,,,,,
,,,,,,,,,,
,,,,,,,,,,
,,,,,,,,,,
,,,,,,,,,,
,,,,,,,,,,
,,,,,,,,,,
,,,,,,,,,,
,,,,,,,,,,
,,,,,,,,,,
,,,,,,,,,,
,,,,,,,,,,
,,,,,,,,,,
,,,,,,,,,,
,,,,,,,,,,
,,,,,,,,,,
,,,,,,,,,,
,,,,,,,,,,
,,,,,,,,,,
,,,,,,,,,,
,,,,,,,,,,
,,,,,,,,,,
,,,,,,,,,,
,,,,,,,,,,
,,,,,,,,,,
,,,,,,,,,,
,,,,,,,,,,
,,,,,,,,,,
,,,,,,,,,,
,,,,,,,,,,
,,,,,,,,,,
,,,,,,,,,,
,,,,,,,,,,
,,,,,,,,,,
,,,,,,,,,,
,,,,,,,,,,
,,,,,,,,,,
,,,,,,,,,,
,,,,,,,,,,
,,,,,,,,,,
,,,,,,,,,,
,,,,,,,,,,
,,,,,,,,,,
,,,,,,,,,,
,,,,,,,,,,
,,,,,,,,,,
,,,,,,,,,,
,,,,,,,,,,
,,,,,,,,,,
,,,,,,,,,,
,,,,,,,,,,
,,,,,,,,,,
,,,,,,,,,,
,,,,,,,,,,
,,,,,,,,,,
,,,,,,,,,,
,,,,,,,,,,
,,,,,,,,,,
,,,,,,,,,,
,,,,,,,,,,
,,,,,,,,,,
,,,,,,,,,,
,,,,,,,,,,
,,,,,,,,,,
,,,,,,,,,,
,,,,,,,,,,
,,,,,,,,,,
,,,,,,,,,,
,,,,,,,,,,
,,,,,,,,,,
,,,,,,,,,,
,,,,,,,,,,
,,,,,,,,,,
,,,,,,,,,,
,,,,,,,,,,
,,,,,,,,,,
,,,,,,,,,,
,,,,,,,,,,
,,,,,,,,,,
,,,,,,,,,,
,,,,,,,,,,
,,,,,,,,,,
,,,,,,,,,,
,,,,,,,,,,
,,,,,,,,,,
,,,,,,,,,,
,,,,,,,,,,
,,,,,,,,,,
,,,,,,,,,,
,,,,,,,,,,
,,,,,,,,,,
,,,,,,,,,,
,,,,,,,,,,
,,,,,,,,,,
,,,,,,,,,,
,,,,,,,,,,
,,,,,,,,,,
,,,,,,,,,,
,,,,,,,,,,
,,,,,,,,,,
,,,,,,,,,,
,,,,,,,,,,
,,,,,,,,,,
,,,,,,,,,,
,,,,,,,,,,
,,,,,,,,,,
,,,,,,,,,,
,,,,,,,,,,
,,,,,,,,,,
,,,,,,,,,,
,,,,,,,,,,
,,,,,,,,,,
,,,,,,,,,,
,,,,,,,,,,
,,,,,,,,,,
,,,,,,,,,,
,,,,,,,,,,
,,,,,,,,,,
,,,,,,,,,,
,,,,,,,,,,
,,,,,,,,,,
,,,,,,,,,,
,,,,,,,,,,
,,,,,,,,,,
,,,,,,,,,,
,,,,,,,,,,
,,,,,,,,,,
,,,,,,,,,,
,,,,,,,,,,
